"Source"	"RepositoryPath"	"Status"
"C:\AA_Records\DAILY\DAY74\DAY74_JAA_WA_GITHUB_STANDARD.md"	"C:\AA_Records\AA_JAA_REPOSITORY\standards\JAA_WA\00_GOVERNANCE\JAA_WA_GITHUB_STANDARD.md"	"COPIED"
"C:\AA_Records\DAILY\DAY74\DAY74_NOTE_LOOP_COMMAND_CONTRACT.md"	"C:\AA_Records\AA_JAA_REPOSITORY\standards\JAA_WA\01_JAA_NOTE_MEMORY_LOOP\NOTE_LOOP_COMMAND_CONTRACT.md"	"COPIED"
"C:\AA_Records\DAILY\DAY74\DAY74_JAA_EXPORT_PUBLIC_SHAPE.md"	"C:\AA_Records\AA_JAA_REPOSITORY\standards\JAA_WA\02_JAA_PUBLIC_EXPORT\JAA_EXPORT_PUBLIC_SHAPE.md"	"COPIED"
"C:\AA_Records\DAILY\DAY74\DAY74_JAA_MINIMAL_USER_INTRODUCTION.md"	"C:\AA_Records\AA_JAA_REPOSITORY\standards\JAA_WA\02_JAA_PUBLIC_EXPORT\JAA_MINIMAL_USER_INTRODUCTION.md"	"COPIED"
"C:\AA_Records\DAILY\DAY74\DAY74_JAA_MINIMAL_COMMAND_GUIDE.md"	"C:\AA_Records\AA_JAA_REPOSITORY\standards\JAA_WA\02_JAA_PUBLIC_EXPORT\JAA_MINIMAL_COMMAND_GUIDE.md"	"COPIED"
"C:\AA_Records\DAILY\DAY74\DAY74_JAA_LOCAL_FOLDER_STRUCTURE.md"	"C:\AA_Records\AA_JAA_REPOSITORY\standards\JAA_WA\02_JAA_PUBLIC_EXPORT\JAA_LOCAL_FOLDER_STRUCTURE.md"	"COPIED"
"C:\AA_Records\DAILY\DAY74\DAY74_JAA_RECEIPT_PATTERN.md"	"C:\AA_Records\AA_JAA_REPOSITORY\standards\JAA_WA\02_JAA_PUBLIC_EXPORT\JAA_RECEIPT_PATTERN.md"	"COPIED"
"C:\AA_Records\DAILY\DAY74\DAY74_JAA_BOUNDARIES_AND_NONPROMISES.md"	"C:\AA_Records\AA_JAA_REPOSITORY\standards\JAA_WA\02_JAA_PUBLIC_EXPORT\JAA_BOUNDARIES_AND_NONPROMISES.md"	"COPIED"
"C:\AA_Records\DAILY\DAY74\DAY74_JAA_FIRST_RUN_SETUP_HELPER.ps1"	"C:\AA_Records\AA_JAA_REPOSITORY\standards\JAA_WA\02_JAA_PUBLIC_EXPORT\JAA_FIRST_RUN_SETUP_HELPER.ps1"	"COPIED"
"C:\AA_Records\DAILY\DAY74\DAY74_JAA_EXPORT_PACKAGE_MANIFEST.md"	"C:\AA_Records\AA_JAA_REPOSITORY\standards\JAA_WA\02_JAA_PUBLIC_EXPORT\JAA_EXPORT_PACKAGE_MANIFEST.md"	"COPIED"
"C:\AA_Records\DAILY\DAY74\DAY74_PLAYBOOK_UPDATE_PROPOSAL.md"	"C:\AA_Records\AA_JAA_REPOSITORY\standards\JAA_WA\03_PLAYBOOK_PROPOSALS\DAY74_PLAYBOOK_UPDATE_PROPOSAL.md"	"COPIED"
