"container_id"	"source_container"
"C0001"	"C:\AA_Records\OPERATING\ATOMS\TEST_WORK_001"
"C0002"	"C:\OCRWork\MACHINE\NOAH_8_BOOK_PACKAGE\CPS_Atoms"
"C0003"	"C:\OCRWork\MACHINE\WITNESSES\1689"
"C0004"	"C:\OCRWork\MACHINE\WITNESSES\a_culture_of_growth_the_origins_of_the_modern_ec_86db11a8"
"C0005"	"C:\OCRWork\MACHINE\WITNESSES\a_millennium_of_family_change_feudalism_to_capit_8c36aa17"
"C0006"	"C:\OCRWork\MACHINE\WITNESSES\a_people_that_shall_dwell_alone_judaism_as_a_gro_8966e64d"
"C0007"	"C:\OCRWork\MACHINE\WITNESSES\a_short_economic_and_social_history_of_the_lake_3db9ecb4"
"C0008"	"C:\OCRWork\MACHINE\WITNESSES\accident_the_death_of_general_sikorski_irving_da_51529ca9"
"C0009"	"C:\OCRWork\MACHINE\WITNESSES\adapt_why_success_always_starts_with_failure_tim_e6396439"
"C0010"	"C:\OCRWork\MACHINE\WITNESSES\an_age_of_saints_power_conflict_and_dissent_in_e_4c1e5e81"
"C0011"	"C:\OCRWork\MACHINE\WITNESSES\apocalypse_1945_the_destruction_of_dresden_1995_2ed54a38"
"C0012"	"C:\OCRWork\MACHINE\WITNESSES\Arendt_The"
"C0013"	"C:\OCRWork\MACHINE\WITNESSES\Aristotle_Politics"
"C0014"	"C:\OCRWork\MACHINE\WITNESSES\as_i_lay_there_drowning_david_irving_90307cb2edf_451af187"
"C0015"	"C:\OCRWork\MACHINE\WITNESSES\aspects_of_the_analysis_of_family_structure_by_a_8f1a4e68"
"C0016"	"C:\OCRWork\MACHINE\WITNESSES\Bagehot_The"
"C0017"	"C:\OCRWork\MACHINE\WITNESSES\ballentine_s_legal_dictionary_thesaurus_general_af5cc459"
"C0018"	"C:\OCRWork\MACHINE\WITNESSES\between_sex_and_power_family_in_the_world_1900_2_7b667aeb"
"C0019"	"C:\OCRWork\MACHINE\WITNESSES\Bible"
"C0020"	"C:\OCRWork\MACHINE\WITNESSES\black_s_law_dictionary_definitions_revised_fourt_1e236389"
"C0021"	"C:\OCRWork\MACHINE\WITNESSES\black_s_law_dictionary_seventh_edition_bryan_a_g_d157dd8c"
"C0022"	"C:\OCRWork\MACHINE\WITNESSES\Blackstone_Commentaries"
"C0023"	"C:\OCRWork\MACHINE\WITNESSES\Boetie_Politics"
"C0024"	"C:\OCRWork\MACHINE\WITNESSES\Boissannade_Life"
"C0025"	"C:\OCRWork\MACHINE\WITNESSES\braudel_history_of_civilizations"
"C0026"	"C:\OCRWork\MACHINE\WITNESSES\breach_of_security_the_german_secret_intelligenc_4fe9f2a1"
"C0027"	"C:\OCRWork\MACHINE\WITNESSES\Building powerful community organizations _ a personal guide -- Michael Jacoby Brown -- Place of publication not identified, 2007 -- Long Haul Press -- 9780977151806 -- 9caa4fe36f396f2c8e2712885b9b832b -- Anna’s"
"C0028"	"C:\OCRWork\MACHINE\WITNESSES\Burke_Revolution"
"C0029"	"C:\OCRWork\MACHINE\WITNESSES\Burnham_The-Managerial-Revolution"
"C0030"	"C:\OCRWork\MACHINE\WITNESSES\Byzantine"
"C0031"	"C:\OCRWork\MACHINE\WITNESSES\Cafferky_Lord"
"C0032"	"C:\OCRWork\MACHINE\WITNESSES\Catechism"
"C0033"	"C:\OCRWork\MACHINE\WITNESSES\Cesear_Commentaries"
"C0034"	"C:\OCRWork\MACHINE\WITNESSES\charles_murray_and_the_underclass_the_developing_49d7adac"
"C0035"	"C:\OCRWork\MACHINE\WITNESSES\charles_murray_and_the_underclass_the_developing_7389c07d"
"C0036"	"C:\OCRWork\MACHINE\WITNESSES\christianity_and_family_law_an_introduction_law_5758fdb1"
"C0037"	"C:\OCRWork\MACHINE\WITNESSES\Churchill_History_V2"
"C0038"	"C:\OCRWork\MACHINE\WITNESSES\churchill_s_war_triumph_in_adversity_2_david_joh_d254a4de"
"C0039"	"C:\OCRWork\MACHINE\WITNESSES\Cicero_Republic"
"C0040"	"C:\OCRWork\MACHINE\WITNESSES\civilization_the_west_and_the_rest_niall_ferguso_04141082"
"C0041"	"C:\OCRWork\MACHINE\WITNESSES\class_a_guide_through_the_american_status_system_238aebcc"
"C0042"	"C:\OCRWork\MACHINE\WITNESSES\coming_apart_the_state_of_white_america_1960_201_4d07d024"
"C0043"	"C:\OCRWork\MACHINE\WITNESSES\command_in_war_martin_van_creveld_american_counc_afbf2c8a"
"C0044"	"C:\OCRWork\MACHINE\WITNESSES\Compendium"
"C0045"	"C:\OCRWork\MACHINE\WITNESSES\Council_Of_Trent"
"C0046"	"C:\OCRWork\MACHINE\WITNESSES\Creveld_Supplying"
"C0047"	"C:\OCRWork\MACHINE\WITNESSES\Crozier_Civ"
"C0048"	"C:\OCRWork\MACHINE\WITNESSES\culture_civilization_volume_two_beyond_positivis_cd9f5922"
"C0049"	"C:\OCRWork\MACHINE\WITNESSES\culture_matters_how_values_shape_human_progress_07dc30d7"
"C0050"	"C:\OCRWork\MACHINE\WITNESSES\Darwin_Origin"
"C0051"	"C:\OCRWork\MACHINE\WITNESSES\Defense of the Augsburg Confession"
"C0052"	"C:\OCRWork\MACHINE\WITNESSES\demonic_males_apes_and_the_origins_of_human_viol_9e4c53a8"
"C0053"	"C:\OCRWork\MACHINE\WITNESSES\Dicey_I"
"C0054"	"C:\OCRWork\MACHINE\WITNESSES\Differential Games_ A Mathematical Theory with Applications -- Rufus Isaacs -- Dover Books on Mathematics, 1999 -- Dover Publications, Incorporated -- 9780486135984 -- 0da35da8c67089d1c4af198e8ab7b91e -- Anna’s"
"C0055"	"C:\OCRWork\MACHINE\WITNESSES\dissertations_on_the_english_language_noah_webst_f738471c"
"C0056"	"C:\OCRWork\MACHINE\WITNESSES\Docherty_Hidden"
"C0057"	"C:\OCRWork\MACHINE\WITNESSES\Docherty_Prolonging"
"C0058"	"C:\OCRWork\MACHINE\WITNESSES\don_t_be_the_villain_niall_ferguson_looks_forwar_cc2e320e"
"C0059"	"C:\OCRWork\MACHINE\WITNESSES\doom_the_politics_of_catastrophe_niall_ferguson_0b15d604"
"C0060"	"C:\OCRWork\MACHINE\WITNESSES\Durant_Age"
"C0061"	"C:\OCRWork\MACHINE\WITNESSES\Durant_Christ"
"C0062"	"C:\OCRWork\MACHINE\WITNESSES\Durant_Civilization1"
"C0063"	"C:\OCRWork\MACHINE\WITNESSES\Durant_Civilization2"
"C0064"	"C:\OCRWork\MACHINE\WITNESSES\Durant_Civilization4"
"C0065"	"C:\OCRWork\MACHINE\WITNESSES\Durant_Civilization5"
"C0066"	"C:\OCRWork\MACHINE\WITNESSES\Durant_Civilization6"
"C0067"	"C:\OCRWork\MACHINE\WITNESSES\Durant_Civilization7"
"C0068"	"C:\OCRWork\MACHINE\WITNESSES\Durant_India"
"C0069"	"C:\OCRWork\MACHINE\WITNESSES\Durant_Life"
"C0070"	"C:\OCRWork\MACHINE\WITNESSES\Durant_Mansions"
"C0071"	"C:\OCRWork\MACHINE\WITNESSES\Durant_Outlines"
"C0072"	"C:\OCRWork\MACHINE\WITNESSES\Durant_Pleasures"
"C0073"	"C:\OCRWork\MACHINE\WITNESSES\Durant_Renaissance"
"C0074"	"C:\OCRWork\MACHINE\WITNESSES\Durant_Story"
"C0075"	"C:\OCRWork\MACHINE\WITNESSES\Durant_Transition"
"C0076"	"C:\OCRWork\MACHINE\WITNESSES\economic_factors_in_population_growth_proceeding_668b9be1"
"C0077"	"C:\OCRWork\MACHINE\WITNESSES\economy_and_society_in_the_age_of_justinian_pete_38f6c475"
"C0078"	"C:\OCRWork\MACHINE\WITNESSES\empires_of_faith_the_fall_of_rome_to_the_rise_of_f83c4509"
"C0079"	"C:\OCRWork\MACHINE\WITNESSES\Enchiridion"
"C0080"	"C:\OCRWork\MACHINE\WITNESSES\Engels_Alexander"
"C0081"	"C:\OCRWork\MACHINE\WITNESSES\envy_a_theory_of_social_behaviour_by_helmut_scho_0da25ec7"
"C0082"	"C:\OCRWork\MACHINE\WITNESSES\essays_on_education_in_the_early_republic_benjam_48595490"
"C0083"	"C:\OCRWork\MACHINE\WITNESSES\estimation_of_recent_trends_in_fertility_and_mor_08cc290f"
"C0084"	"C:\OCRWork\MACHINE\WITNESSES\family_formation_in_an_age_of_nascent_capitalism_bb7ea05f"
"C0085"	"C:\OCRWork\MACHINE\WITNESSES\feudal_society_vol_2_social_classes_and_politica_ccb936ca"
"C0086"	"C:\OCRWork\MACHINE\WITNESSES\feudal_society_volume_1_the_growth_of_ties_of_de_9d9dd9e7"
"C0087"	"C:\OCRWork\MACHINE\WITNESSES\Ford_International"
"C0088"	"C:\OCRWork\MACHINE\WITNESSES\frontiers_of_the_roman_empire_a_social_and_econo_f72c9d68"
"C0089"	"C:\OCRWork\MACHINE\WITNESSES\generations_the_history_of_america_s_future_1584_92a443cf"
"C0090"	"C:\OCRWork\MACHINE\WITNESSES\genesis_henry_a_kissinger_eric_schmidt_craig_mun_54f96a44"
"C0091"	"C:\OCRWork\MACHINE\WITNESSES\George_Progress-And"
"C0092"	"C:\OCRWork\MACHINE\WITNESSES\goebbels_mastermind_of_the_third_reich_focal_poi_11e3640d"
"C0093"	"C:\OCRWork\MACHINE\WITNESSES\goering_a_biography_irving_david_1989_7fd8fd855f_9505a416"
"C0094"	"C:\OCRWork\MACHINE\WITNESSES\Gramsci_Selections"
"C0095"	"C:\OCRWork\MACHINE\WITNESSES\Grimm_Fairy"
"C0096"	"C:\OCRWork\MACHINE\WITNESSES\Haidt_The_Right"
"C0097"	"C:\OCRWork\MACHINE\WITNESSES\Hamilton_Federalist"
"C0098"	"C:\OCRWork\MACHINE\WITNESSES\Hamilton_Mythology"
"C0099"	"C:\OCRWork\MACHINE\WITNESSES\Harpending_10"
"C0100"	"C:\OCRWork\MACHINE\WITNESSES\Harris_Lying"
"C0101"	"C:\OCRWork\MACHINE\WITNESSES\Hayek_Road"
"C0102"	"C:\OCRWork\MACHINE\WITNESSES\Herodotus_Histories"
"C0103"	"C:\OCRWork\MACHINE\WITNESSES\hitler_s_war_and_the_war_path_1933_1945_irving_d_824f7568"
"C0104"	"C:\OCRWork\MACHINE\WITNESSES\hitler_s_war_david_irving_volume_2_1977_the_viki_7e49bf9c"
"C0105"	"C:\OCRWork\MACHINE\WITNESSES\how_great_generals_win_a_military_historian_appr_f351a64b"
"C0106"	"C:\OCRWork\MACHINE\WITNESSES\how_wars_are_won_the_13_rules_of_war_from_ancien_9db27618"
"C0107"	"C:\OCRWork\MACHINE\WITNESSES\human_fertility_in_russia_since_the_nineteenth_c_59a3715c"
"C0108"	"C:\OCRWork\MACHINE\WITNESSES\Hume_Essays"
"C0109"	"C:\OCRWork\MACHINE\WITNESSES\imperium_francis_parker_yockey_https_berserker_biz_b9411d4bf9fbc4cda1301af43996e"
"C0110"	"C:\OCRWork\MACHINE\WITNESSES\in_our_hands_a_plan_to_replace_the_welfare_state_29bdee3c"
"C0111"	"C:\OCRWork\MACHINE\WITNESSES\in_pursuit_of_happiness_and_good_government_char_d53d2c2f"
"C0112"	"C:\OCRWork\MACHINE\WITNESSES\individualism_and_the_western_liberal_tradition_28ddaa63"
"C0113"	"C:\OCRWork\MACHINE\WITNESSES\industrialization_in_the_low_countries_1795_1850_a561f3c4"
"C0114"	"C:\OCRWork\MACHINE\WITNESSES\inventing_the_individual_the_origins_of_western_7394d886"
"C0115"	"C:\OCRWork\MACHINE\WITNESSES\IRA Green Book"
"C0116"	"C:\OCRWork\MACHINE\WITNESSES\Jenks_A_History"
"C0117"	"C:\OCRWork\MACHINE\WITNESSES\joel_mokyr_the_lever_of_riches_technological_cre_8928f461"
"C0118"	"C:\OCRWork\MACHINE\WITNESSES\Jomini"
"C0119"	"C:\OCRWork\MACHINE\WITNESSES\Jung_13"
"C0120"	"C:\OCRWork\MACHINE\WITNESSES\Jung_16"
"C0121"	"C:\OCRWork\MACHINE\WITNESSES\Jung_5"
"C0122"	"C:\OCRWork\MACHINE\WITNESSES\Jung_9i"
"C0123"	"C:\OCRWork\MACHINE\WITNESSES\Jung_9ii"
"C0124"	"C:\OCRWork\MACHINE\WITNESSES\Jung_Collected"
"C0125"	"C:\OCRWork\MACHINE\WITNESSES\justinian_emperor_soldier_saint_peter_sarris_202_50f48483"
"C0126"	"C:\OCRWork\MACHINE\WITNESSES\Kautilya_The"
"C0127"	"C:\OCRWork\MACHINE\WITNESSES\Keynes_The_Economic"
"C0128"	"C:\OCRWork\MACHINE\WITNESSES\Koran"
"C0129"	"C:\OCRWork\MACHINE\WITNESSES\Laslett_The_World"
"C0130"	"C:\OCRWork\MACHINE\WITNESSES\laying_down_the_law_robin_creyke_david_hamer_pat_12b713f3"
"C0131"	"C:\OCRWork\MACHINE\WITNESSES\Le_Bon_The-Crowd"
"C0132"	"C:\OCRWork\MACHINE\WITNESSES\Lee_C"
"C0133"	"C:\OCRWork\MACHINE\WITNESSES\legal_terminology_west_legal_studies_brown_s_whi_f5560e2c"
"C0134"	"C:\OCRWork\MACHINE\WITNESSES\Liddell_Hart_Strategy"
"C0135"	"C:\OCRWork\MACHINE\WITNESSES\lineages_of_modernity_a_history_of_humanity_from_29662d74"
"C0136"	"C:\OCRWork\MACHINE\WITNESSES\living_machines_bauhaus_architecture_as_sexual_i_277d3ace"
"C0137"	"C:\OCRWork\MACHINE\WITNESSES\Locke_Second_Treatise"
"C0138"	"C:\OCRWork\MACHINE\WITNESSES\losing_ground_american_social_policy_1950_1980_1_8fa3850d"
"C0139"	"C:\OCRWork\MACHINE\WITNESSES\lying_about_hitler_history_holocaust_holocaust_a_dae93170"
"C0140"	"C:\OCRWork\MACHINE\WITNESSES\Machiavelli_The_Historic"
"C0141"	"C:\OCRWork\MACHINE\WITNESSES\Mahan"
"C0142"	"C:\OCRWork\MACHINE\WITNESSES\Maine_Ancient-Law"
"C0143"	"C:\OCRWork\MACHINE\WITNESSES\Makers of modern strategy _ from Machiavelli to the nuclear -- edited by Peter Paret with the collaboration of Gordon A_ -- Revised, 1986 -- Princeton -- 9780198200970 -- 43fdfcedbe65f08545b9f3f69af51ce0 -- Anna"
"C0144"	"C:\OCRWork\MACHINE\WITNESSES\Malthus_An_Essay"
"C0145"	"C:\OCRWork\MACHINE\WITNESSES\marriage_a_history_from_obedience_to_intimacy_or_072556b1"
"C0146"	"C:\OCRWork\MACHINE\WITNESSES\marriage_and_the_family_in_eurasia_perspectives_4e006f4b"
"C0147"	"C:\OCRWork\MACHINE\WITNESSES\Martin_The"
"C0148"	"C:\OCRWork\MACHINE\WITNESSES\Marx_V1"
"C0149"	"C:\OCRWork\MACHINE\WITNESSES\Marx_V2"
"C0150"	"C:\OCRWork\MACHINE\WITNESSES\Marx_V3"
"C0151"	"C:\OCRWork\MACHINE\WITNESSES\masters_of_war_classical_strategic_thought_micha_20a0ee65"
"C0152"	"C:\OCRWork\MACHINE\WITNESSES\masters_of_war_classical_strategic_thought_micha_73418003"
"C0153"	"C:\OCRWork\MACHINE\WITNESSES\McDougall_The"
"C0154"	"C:\OCRWork\MACHINE\WITNESSES\merriam_webster_s_dictionary_and_thesaurus_merri_2151a893"
"C0155"	"C:\OCRWork\MACHINE\WITNESSES\merriam_webster_s_dictionary_of_law_merriam_webs_7772de0d"
"C0156"	"C:\OCRWork\MACHINE\WITNESSES\merriam_webster_s_dictionary_of_synonyms_a_dicti_8466273f"
"C0157"	"C:\OCRWork\MACHINE\WITNESSES\merriam_webster_s_first_dictionary_ruth_heller_1_7df2d819"
"C0158"	"C:\OCRWork\MACHINE\WITNESSES\Mill_On_Liberty"
"C0159"	"C:\OCRWork\MACHINE\WITNESSES\millennials_go_to_college_strategies_for_a_new_g_6f217c02"
"C0160"	"C:\OCRWork\MACHINE\WITNESSES\Mises_Human"
"C0161"	"C:\OCRWork\MACHINE\WITNESSES\Moltke_Essays"
"C0162"	"C:\OCRWork\MACHINE\WITNESSES\Moncrieff_Classic"
"C0163"	"C:\OCRWork\MACHINE\WITNESSES\Montesquieu_The_Spirit"
"C0164"	"C:\OCRWork\MACHINE\WITNESSES\Mosca_Ruling"
"C0165"	"C:\OCRWork\MACHINE\WITNESSES\Murray_Bell"
"C0166"	"C:\OCRWork\MACHINE\WITNESSES\Murray_Human"
"C0167"	"C:\OCRWork\MACHINE\WITNESSES\new_estimates_of_fertility_and_population_in_the_33219bef"
"C0168"	"C:\OCRWork\MACHINE\WITNESSES\new_roget_s_thesaurus_and_webster_s_dictionary_p_4bf100a2"
"C0169"	"C:\OCRWork\MACHINE\WITNESSES\new_webster_s_dictionary_of_the_english_language_7b2916c6"
"C0170"	"C:\OCRWork\MACHINE\WITNESSES\NIETZSCHE_On_The"
"C0171"	"C:\OCRWork\MACHINE\WITNESSES\Nisbet_Quest"
"C0172"	"C:\OCRWork\MACHINE\WITNESSES\nuremberg_the_last_battle_david_irving_walter_fr_10068129"
"C0173"	"C:\OCRWork\MACHINE\WITNESSES\On the Origins of War and the Preservation of Peace -- Donald Kagan -- New York, New York State, 1995 -- Bantam Doubleday Dell Books for Young Readers -- 9780091791797 -- 45ccf98d0f06f58e80707cdd0b99d86c -- Anna"
"C0174"	"C:\OCRWork\MACHINE\WITNESSES\on_power_its_nature_and_the_history_of_its_growt_17caf6d0"
"C0175"	"C:\OCRWork\MACHINE\WITNESSES\Orthodox_Confession"
"C0176"	"C:\OCRWork\MACHINE\WITNESSES\Orthodox2"
"C0177"	"C:\OCRWork\MACHINE\WITNESSES\Orthodox-Dogmatic-Theology"
"C0178"	"C:\OCRWork\MACHINE\WITNESSES\Orwell_Political"
"C0179"	"C:\OCRWork\MACHINE\WITNESSES\Paine_Common"
"C0180"	"C:\OCRWork\MACHINE\WITNESSES\Pareto_The_Mind"
"C0181"	"C:\OCRWork\MACHINE\WITNESSES\Pirenne_Economic"
"C0182"	"C:\OCRWork\MACHINE\WITNESSES\plague_and_the_end_of_antiquity_the_pandemic_of_d062b620"
"C0183"	"C:\OCRWork\MACHINE\WITNESSES\Plato_The_Republic"
"C0184"	"C:\OCRWork\MACHINE\WITNESSES\Polanyi_Full"
"C0185"	"C:\OCRWork\MACHINE\WITNESSES\Polanyi_Great"
"C0186"	"C:\OCRWork\MACHINE\WITNESSES\Polanyi_Science"
"C0187"	"C:\OCRWork\MACHINE\WITNESSES\political_order_and_political_decay_from_the_industrial_fukuyama_francis_author"
"C0188"	"C:\OCRWork\MACHINE\WITNESSES\political_order_in_changing_societies_the_henry_d817bde6"
"C0189"	"C:\OCRWork\MACHINE\WITNESSES\population_growth_and_economic_development_in_lo_c4eb843a"
"C0190"	"C:\OCRWork\MACHINE\WITNESSES\Protocols of the Learned Elders of Zion -- Henry Ford -- 2011 -- RiverCrest Publishing -- b4d556e642bd431396c3b9b09c145d17 -- Anna’s Archive"
"C0191"	"C:\OCRWork\MACHINE\WITNESSES\Quigley_The_Anglo"
"C0192"	"C:\OCRWork\MACHINE\WITNESSES\Quigley_Tragedy"
"C0193"	"C:\OCRWork\MACHINE\WITNESSES\rapid_population_change_in_china_1952_1982_repor_34228d0c"
"C0194"	"C:\OCRWork\MACHINE\WITNESSES\regional_model_life_tables_and_stable_population_3054e77e"
"C0195"	"C:\OCRWork\MACHINE\WITNESSES\regional_model_life_tables_and_stable_population_f66ce393"
"C0196"	"C:\OCRWork\MACHINE\WITNESSES\risky_transactions_trust_kinship_and_ethnicity_f_4d8a8c9f"
"C0197"	"C:\OCRWork\MACHINE\WITNESSES\Rousseau_Of_the_Social"
"C0198"	"C:\OCRWork\MACHINE\WITNESSES\Ryan_Sex"
"C0199"	"C:\OCRWork\MACHINE\WITNESSES\saboteurs_from_shocking_wikileaks_revelations_ab_e8c7b970"
"C0200"	"C:\OCRWork\MACHINE\WITNESSES\Schmitt_Land"
"C0201"	"C:\OCRWork\MACHINE\WITNESSES\separation_and_its_discontents_toward_an_evoluti_a20d2167"
"C0202"	"C:\OCRWork\MACHINE\WITNESSES\Seven"
"C0203"	"C:\OCRWork\MACHINE\WITNESSES\Smalcald Articles"
"C0204"	"C:\OCRWork\MACHINE\WITNESSES\Smith_Wealth_of_Nations"
"C0205"	"C:\OCRWork\MACHINE\WITNESSES\Solzhenitsyn_200"
"C0206"	"C:\OCRWork\MACHINE\WITNESSES\Solzhenitsyn_Gulag"
"C0207"	"C:\OCRWork\MACHINE\WITNESSES\Solzhenitsyn_Voice"
"C0208"	"C:\OCRWork\MACHINE\WITNESSES\sovereignty_an_inquiry_into_the_political_good_j_8ddfffee"
"C0209"	"C:\OCRWork\MACHINE\WITNESSES\spengler_dow_v1"
"C0210"	"C:\OCRWork\MACHINE\WITNESSES\spengler_dow_v2"
"C0211"	"C:\OCRWork\MACHINE\WITNESSES\Spykman_America"
"C0212"	"C:\OCRWork\MACHINE\WITNESSES\stalin_s_willing_executioners_jews_as_a_hostile_454a55a0"
"C0213"	"C:\OCRWork\MACHINE\WITNESSES\state_formation_and_civilization_the_civilizing_eda0238e"
"C0214"	"C:\OCRWork\MACHINE\WITNESSES\Stir It Up_ Lessons in Community Organizing and Advocacy -- Rinku Sen -- 1st, First Edition, US, 2003 -- Jossey-Bass, Incorporated Publishers -- 9780787965334 -- e97c5c22124d03e977c4b500884dd207 -- Anna’s Archiv"
"C0215"	"C:\OCRWork\MACHINE\WITNESSES\suicide_of_the_west_james_burnham_1964_b71b8adae57dc6791c62be502a69aa49_anna_s_a"
"C0216"	"C:\OCRWork\MACHINE\WITNESSES\Sutton_America's"
"C0217"	"C:\OCRWork\MACHINE\WITNESSES\Sutton_WS_Bolsh"
"C0218"	"C:\OCRWork\MACHINE\WITNESSES\Sutton_WS_Hitler"
"C0219"	"C:\OCRWork\MACHINE\WITNESSES\Ten_Planks"
"C0220"	"C:\OCRWork\MACHINE\WITNESSES\The  art of war in the Western world -- Jones, Archer, 1926- -- Oxford University Press paperback, New York, 1989, ©1987 -- Urbana _ University of -- 9780195062410 -- 854a6cb60978246b4e1c27ebc9e8978d -- Anna’s A"
"C0221"	"C:\OCRWork\MACHINE\WITNESSES\The Activist's Handbook _ Winning Social Change in the 21st -- Shaw, Randy -- 2013 aug 26 -- University of California Press -- 9780520274051 -- dc2f614dfc61160efa2464c8176b499d -- Anna’s Archive"
"C0222"	"C:\OCRWork\MACHINE\WITNESSES\The Augsburg Confession"
"C0223"	"C:\OCRWork\MACHINE\WITNESSES\The Face of Battle _ A Study of Agincourt, Waterloo, and the -- Keegan, John -- reprint, 1983 -- Penguin (Non-Classics) -- 9780140048971 -- 035c2b5a7de044d211ae1671471b7101 -- Anna’s Archive"
"C0224"	"C:\OCRWork\MACHINE\WITNESSES\The Formula of Concor1"
"C0225"	"C:\OCRWork\MACHINE\WITNESSES\The Formula of Concord"
"C0226"	"C:\OCRWork\MACHINE\WITNESSES\The grand strategy of the Roman Empire from the first -- Edward N_ Luttwak -- 1988 -- Baltimore_ Johns Hopkins University Press -- 9780801818639 -- 9d96c87da86c70ded33701d73626cc80 -- Anna’s Archive"
"C0227"	"C:\OCRWork\MACHINE\WITNESSES\The Large Catechism"
"C0228"	"C:\OCRWork\MACHINE\WITNESSES\The Power"
"C0229"	"C:\OCRWork\MACHINE\WITNESSES\The Small Catechism"
"C0230"	"C:\OCRWork\MACHINE\WITNESSES\the_art_of_maneuver_maneuver_warfare_theory_and_511a9e1d"
"C0231"	"C:\OCRWork\MACHINE\WITNESSES\the_art_of_war_amazonclassics_edition_sun_tzu_am_9ce3898f"
"C0232"	"C:\OCRWork\MACHINE\WITNESSES\the_art_of_war_by_mao_tse_tung_special_edition_m_ac24f55f"
"C0233"	"C:\OCRWork\MACHINE\WITNESSES\the_birth_of_modern_europe_library_of_economic_h_3faf1c57"
"C0234"	"C:\OCRWork\MACHINE\WITNESSES\the_british_industrial_revolution_an_economic_pe_179d4b01"
"C0235"	"C:\OCRWork\MACHINE\WITNESSES\the_causes_of_progress_culture_authority_and_change_emmanuel_todd_translated_by"
"C0236"	"C:\OCRWork\MACHINE\WITNESSES\the_civilizing_process_sociogenetic_and_psychoge_e3d24c3c"
"C0237"	"C:\OCRWork\MACHINE\WITNESSES\the_compact_edition_of_the_oxford_english_dictio_e0bdf9c1"
"C0238"	"C:\OCRWork\MACHINE\WITNESSES\the_culture_of_critique_an_evolutionary_analysis_bfa78b60"
"C0239"	"C:\OCRWork\MACHINE\WITNESSES\the_decline_of_fertility_in_europe_the_revised_p_d00f6792"
"C0240"	"C:\OCRWork\MACHINE\WITNESSES\the_demography_of_roman_egypt_cambridge_studies_98c41aae"
"C0241"	"C:\OCRWork\MACHINE\WITNESSES\the_destruction_of_convoy_pq17_irving_david_1968_1941c82e"
"C0242"	"C:\OCRWork\MACHINE\WITNESSES\the_economic_approach_to_human_behavior_tab_gary_e6087357"
"C0243"	"C:\OCRWork\MACHINE\WITNESSES\the_economics_of_the_industrial_revolution_edite_0aedf920"
"C0244"	"C:\OCRWork\MACHINE\WITNESSES\the_emerging_british_underclass_choice_in_welfar_13fed250"
"C0245"	"C:\OCRWork\MACHINE\WITNESSES\the_enemy_of_our_enemies_revilo_p_oliver_1981_pdf_writer_9b2e99da82b91bff2d11141"
"C0246"	"C:\OCRWork\MACHINE\WITNESSES\the_evolution_of_cooperation_robert_m_axelrod_w_8940517a"
"C0247"	"C:\OCRWork\MACHINE\WITNESSES\the_explanation_of_ideology_family_structures_an_8b69f468"
"C0248"	"C:\OCRWork\MACHINE\WITNESSES\the_fate_of_the_species_why_the_human_race_may_c_a1f4bb71"
"C0249"	"C:\OCRWork\MACHINE\WITNESSES\the_future_of_power_joseph_s_nye_jr_1st_ed_new_y_b13eac13"
"C0250"	"C:\OCRWork\MACHINE\WITNESSES\the_gifts_of_athena_historical_origins_of_the_kn_b0bfde47"
"C0251"	"C:\OCRWork\MACHINE\WITNESSES\the_great_divergence_china_europe_and_the_making_of_the_kenneth_pomeranz_2000_pr"
"C0252"	"C:\OCRWork\MACHINE\WITNESSES\the_great_leveler_walter_scheidel_2018_princeton_f3c151ec"
"C0253"	"C:\OCRWork\MACHINE\WITNESSES\the_great_transformation_the_political_and_econo_e19cb0c1"
"C0254"	"C:\OCRWork\MACHINE\WITNESSES\the_history_of_manners_norbert_elias_translated_c0354c45"
"C0255"	"C:\OCRWork\MACHINE\WITNESSES\the_history_of_the_european_family_family_life_i_29ce238d"
"C0256"	"C:\OCRWork\MACHINE\WITNESSES\the_history_of_the_peloponnesian_war_with_linked_61628400"
"C0257"	"C:\OCRWork\MACHINE\WITNESSES\the_house_of_rothschild_volume_2_the_world_s_ban_fadf5fc6"
"C0258"	"C:\OCRWork\MACHINE\WITNESSES\the_household_and_the_making_of_history_a_subver_c356c368"
"C0259"	"C:\OCRWork\MACHINE\WITNESSES\the_impact_of_the_highly_improbable_taleb_nassim_85628d30"
"C0260"	"C:\OCRWork\MACHINE\WITNESSES\the_invention_of_enterprise_entrepreneurship_fro_0337332c"
"C0261"	"C:\OCRWork\MACHINE\WITNESSES\the_invention_of_enterprise_entrepreneurship_fro_ee7e9e08"
"C0262"	"C:\OCRWork\MACHINE\WITNESSES\the_law_student_s_dictionary_penner_j_e_james_e_c44d962b"
"C0263"	"C:\OCRWork\MACHINE\WITNESSES\the_mare_s_nest_the_war_against_hitlers_secret_v_ced2ebca"
"C0264"	"C:\OCRWork\MACHINE\WITNESSES\the_mask_of_command_a_study_of_generalship_john_1b552bc6"
"C0265"	"C:\OCRWork\MACHINE\WITNESSES\the_mediterranean_world_in_late_antiquity_ad_393_035259db"
"C0266"	"C:\OCRWork\MACHINE\WITNESSES\the_memoirs_of_field_marshal_keitel_wilhelm_keit_4ad690bc"
"C0267"	"C:\OCRWork\MACHINE\WITNESSES\the_millionaire_mind_stanley_thomas_j_g_k_hall_l_cb88c32f"
"C0268"	"C:\OCRWork\MACHINE\WITNESSES\the_misbehavior_of_markets_a_fractal_view_of_fin_1559260e"
"C0269"	"C:\OCRWork\MACHINE\WITNESSES\the_myth_of_the_rational_voter_why_democracies_c_01cb6e5a"
"C0270"	"C:\OCRWork\MACHINE\WITNESSES\the_new_lexicon_webster_s_dictionary_of_the_engl_6ea5c42d"
"C0271"	"C:\OCRWork\MACHINE\WITNESSES\the_new_penguin_economic_history_of_britain_volu_6c01f4a9"
"C0272"	"C:\OCRWork\MACHINE\WITNESSES\the_oxford_encyclopedia_of_economic_history_acco_9aa7d46d"
"C0273"	"C:\OCRWork\MACHINE\WITNESSES\the_oxford_english_dictionary_being_a_corrected_d694eff2"
"C0274"	"C:\OCRWork\MACHINE\WITNESSES\the_oxford_english_dictionary_unknown_1800_64867_c4c96a72"
"C0275"	"C:\OCRWork\MACHINE\WITNESSES\the_oxford_english_dictionary_various_volume_6_1_239fed9f"
"C0276"	"C:\OCRWork\MACHINE\WITNESSES\the_oxford_english_dictionary_volume_6_l_m_1961_821220dd"
"C0277"	"C:\OCRWork\MACHINE\WITNESSES\the_pelt_report_irving_david_1999_f2d90f0b3cdd16_001b2e71"
"C0278"	"C:\OCRWork\MACHINE\WITNESSES\the_post_american_world_2_0_fareed_zakaria_journ_90b009cd"
"C0279"	"C:\OCRWork\MACHINE\WITNESSES\the_price_of_admiralty_war_at_sea_from_man_of_wa_e1f6a4eb"
"C0280"	"C:\OCRWork\MACHINE\WITNESSES\the_red_queen_sex_and_the_evolution_of_human_nat_7b40dd1c"
"C0281"	"C:\OCRWork\MACHINE\WITNESSES\the_rise_and_decline_of_nations_economic_growth_210a1669"
"C0282"	"C:\OCRWork\MACHINE\WITNESSES\the_rise_and_decline_of_the_state_martin_l_van_c_ac3421cd"
"C0283"	"C:\OCRWork\MACHINE\WITNESSES\the_rise_and_fall_of_the_luftwaffe_the_life_of_f_20bc8310"
"C0284"	"C:\OCRWork\MACHINE\WITNESSES\the_rise_of_christianity_how_the_obscure_margina_512dec8f"
"C0285"	"C:\OCRWork\MACHINE\WITNESSES\the_rise_of_the_fiscal_state_in_europe_c_1200_18_97b663c9"
"C0286"	"C:\OCRWork\MACHINE\WITNESSES\the_rise_of_western_christendom_triumph_and_dive_07fbb642"
"C0287"	"C:\OCRWork\MACHINE\WITNESSES\the_rural_setting_thesaurus_a_writer_s_guide_to_ce2420a4"
"C0288"	"C:\OCRWork\MACHINE\WITNESSES\the_secret_diaries_of_hitler_s_doctor_irving_dav_85805875"
"C0289"	"C:\OCRWork\MACHINE\WITNESSES\the_shorter_oxford_english_dictionary_on_histori_01863ef4"
"C0290"	"C:\OCRWork\MACHINE\WITNESSES\the_shorter_oxford_english_dictionary_on_histori_0bb05b5a"
"C0291"	"C:\OCRWork\MACHINE\WITNESSES\the_shorter_oxford_english_dictionary_volumes_i_4ef8f9f8"
"C0292"	"C:\OCRWork\MACHINE\WITNESSES\the_sinews_of_power_war_money_and_the_english_st_2748de3d"
"C0293"	"C:\OCRWork\MACHINE\WITNESSES\the_social_construction_of_reality_a_treatise_in_aceaa150"
"C0294"	"C:\OCRWork\MACHINE\WITNESSES\the_sources_of_social_power_volume_1_a_history_o_76f06bea"
"C0295"	"C:\OCRWork\MACHINE\WITNESSES\the_stripping_of_the_altars_traditional_religion_ba6da559"
"C0296"	"C:\OCRWork\MACHINE\WITNESSES\the_third_chimpanzee_the_evolution_and_future_of_3804536c"
"C0297"	"C:\OCRWork\MACHINE\WITNESSES\the_trail_of_the_fox_david_irving_1_2002_focal_p_72f9c67d"
"C0298"	"C:\OCRWork\MACHINE\WITNESSES\the_underclass_revisited_aei_studies_in_social_w_fdaf0f0d"
"C0299"	"C:\OCRWork\MACHINE\WITNESSES\the_unheavenly_city_the_nature_and_the_future_of_a051ea72"
"C0300"	"C:\OCRWork\MACHINE\WITNESSES\the_uniqueness_of_western_civilization_studies_in_critical_r_duchesne_ricardo_du"
"C0301"	"C:\OCRWork\MACHINE\WITNESSES\the_vanishing_irish_households_migration_and_the_33e1819e"
"C0302"	"C:\OCRWork\MACHINE\WITNESSES\the_virus_house_parforce_david_irving_2002_32f64_dbb7be57"
"C0303"	"C:\OCRWork\MACHINE\WITNESSES\the_war_between_the_generals_irving_david_1981_b_fa657b71"
"C0304"	"C:\OCRWork\MACHINE\WITNESSES\the_war_path_irving_david_1978_0af723435869e3659_71f8a869"
"C0305"	"C:\OCRWork\MACHINE\WITNESSES\the_world_we_have_lost_peter_laslett_1971_978684_05f511c1"
"C0306"	"C:\OCRWork\MACHINE\WITNESSES\to_be_and_not_to_be_that_is_the_answer_unique_ex_ea23b46f"
"C0307"	"C:\OCRWork\MACHINE\WITNESSES\tribes_how_race_religion_and_identity_detrtmine_a88a9764"
"C0308"	"C:\OCRWork\MACHINE\WITNESSES\Trotter_I"
"C0309"	"C:\OCRWork\MACHINE\WITNESSES\true_himmler_vol_i_1_1_david_john_cawdell_irving_1e160d1c"
"C0310"	"C:\OCRWork\MACHINE\WITNESSES\trust_the_social_virtues_and_the_creation_of_pro_537f9e9d"
"C0311"	"C:\OCRWork\MACHINE\WITNESSES\Turchin_Ages"
"C0312"	"C:\OCRWork\MACHINE\WITNESSES\twilight_of_the_elites_america_after_meritocracy_09c28b9a"
"C0313"	"C:\OCRWork\MACHINE\WITNESSES\Two_Person"
"C0314"	"C:\OCRWork\MACHINE\WITNESSES\Two-Person"
"C0315"	"C:\OCRWork\MACHINE\WITNESSES\understanding_jewish_influence_study_in_ethnic_a_2b3346b8"
"C0316"	"C:\OCRWork\MACHINE\WITNESSES\uprising_one_nation_s_nightmare_hungary_1956_dav_01e40b5f"
"C0317"	"C:\OCRWork\MACHINE\WITNESSES\urban_agglomeration_and_economic_growth_publicat_635fdcd4"
"C0318"	"C:\OCRWork\MACHINE\WITNESSES\Vegetius"
"C0319"	"C:\OCRWork\MACHINE\WITNESSES\watermelons_nooses_and_straight_razors_stories_f_b3768a7c"
"C0320"	"C:\OCRWork\MACHINE\WITNESSES\we_make_change_community_organizers_talk_about_w_28bfc572"
"C0321"	"C:\OCRWork\MACHINE\WITNESSES\Weber_Economy"
"C0322"	"C:\OCRWork\MACHINE\WITNESSES\webster_s_collegiate_dictionary_merriam_webster_0ce19fb5"
"C0323"	"C:\OCRWork\MACHINE\WITNESSES\webster_s_collegiate_dictionary_second_edtion_g_7192ab93"
"C0324"	"C:\OCRWork\MACHINE\WITNESSES\webster_s_dictionary_for_students_2003_10_01_per_89010daf"
"C0325"	"C:\OCRWork\MACHINE\WITNESSES\webster_s_dictionary_for_students_special_encycl_4262e93e"
"C0326"	"C:\OCRWork\MACHINE\WITNESSES\webster_s_dictionary_for_students_special_encycl_99be0549"
"C0327"	"C:\OCRWork\MACHINE\WITNESSES\webster_s_dictionary_john_gage_allee_1958_litera_9a13c2ec"
"C0328"	"C:\OCRWork\MACHINE\WITNESSES\webster_s_dictionary_john_gage_allee_1971_ottenh_06135344"
"C0329"	"C:\OCRWork\MACHINE\WITNESSES\webster_s_dictionary_noah_webster_09_the_world_p_25ca0b7e"
"C0330"	"C:\OCRWork\MACHINE\WITNESSES\webster_s_dictionary_of_modern_english_william_t_5c22d395"
"C0331"	"C:\OCRWork\MACHINE\WITNESSES\webster_s_dictionary_of_synonyms_a_merriam_webst_ebdf0461"
"C0332"	"C:\OCRWork\MACHINE\WITNESSES\webster_s_dictionary_of_synonyms_and_antonyms_cr_91fdcdb6"
"C0333"	"C:\OCRWork\MACHINE\WITNESSES\webster_s_dictionary_of_synonyms_and_antonyms_me_c88ae063"
"C0334"	"C:\OCRWork\MACHINE\WITNESSES\webster_s_dictionary_of_synonyms_first_edition_v_6f6d9cd0"
"C0335"	"C:\OCRWork\MACHINE\WITNESSES\webster_s_dictionary_of_the_english_language_una_7e533cc7"
"C0336"	"C:\OCRWork\MACHINE\WITNESSES\webster_s_dictionary_of_the_english_language_una_90d5593c"
"C0337"	"C:\OCRWork\MACHINE\WITNESSES\webster_s_dictionary_of_the_english_language_unk_ba4b490a"
"C0338"	"C:\OCRWork\MACHINE\WITNESSES\webster_s_dictionary_of_the_english_language_var_30caaf16"
"C0339"	"C:\OCRWork\MACHINE\WITNESSES\webster_s_dictionary_orange_fashion_merriam_webs_cd555394"
"C0340"	"C:\OCRWork\MACHINE\WITNESSES\webster_s_dictionary_specially_designed_for_home_ec974404"
"C0341"	"C:\OCRWork\MACHINE\WITNESSES\webster_s_dictionary_unknown_2012_a18c0aceddf87a_1942c878"
"C0342"	"C:\OCRWork\MACHINE\WITNESSES\webster_s_legal_dictionary_james_e_clapp_james_e_2528b496"
"C0343"	"C:\OCRWork\MACHINE\WITNESSES\webster_s_legal_dictionary_james_e_clapp_james_e_8f496301"
"C0344"	"C:\OCRWork\MACHINE\WITNESSES\webster_s_new_american_dictionary_completely_new_328d867b"
"C0345"	"C:\OCRWork\MACHINE\WITNESSES\webster_s_new_dictionary_of_synonyms_a_dictionar_f9e61a29"
"C0346"	"C:\OCRWork\MACHINE\WITNESSES\webster_s_new_explorer_dictionary_and_thesaurus_8b849d86"
"C0347"	"C:\OCRWork\MACHINE\WITNESSES\webster_s_new_practical_school_dictionary_a_new_ed89a41c"
"C0348"	"C:\OCRWork\MACHINE\WITNESSES\webster_s_new_world_dictionary_of_the_american_l_59924ef8"
"C0349"	"C:\OCRWork\MACHINE\WITNESSES\webster_s_new_world_dictionary_of_the_american_l_6221b886"
"C0350"	"C:\OCRWork\MACHINE\WITNESSES\webster_s_unafraid_dictionary_unknown_1967_d6653_afdc777b"
"C0351"	"C:\OCRWork\MACHINE\WITNESSES\websters_corsican_english_thesaurus_dictionary_p_9de5d143"
"C0352"	"C:\OCRWork\MACHINE\WITNESSES\Westminster"
"C0353"	"C:\OCRWork\MACHINE\WITNESSES\who_we_are_and_how_we_got_here_ancient_dna_and_t_e4809bf6"
"C0354"	"C:\OCRWork\MACHINE\WITNESSES\why_america_lost_the_war_on_poverty_and_how_to_w_33b390d7"
"C0355"	"C:\OCRWork\MACHINE\WITNESSES\why_europe_the_medieval_origins_of_its_special_p_186cb6e8"
"C0356"	"C:\OCRWork\MACHINE\WITNESSES\why_ireland_starved_joel_mokyr_1983_247a8f2e3387_08d7aa95"
"C0357"	"C:\OCRWork\MACHINE\WITNESSES\why_men_rule_a_theory_of_male_dominance_steven_g_6e7a0621"
"C0358"	"C:\OCRWork\MACHINE\WITNESSES\why_nations_fail_the_origins_of_power_prosperity_and_daron_acemoglu_james_robins"
"C0359"	"C:\OCRWork\MACHINE\WITNESSES\Wiener_Cybernetics"
"C0360"	"C:\OCRWork\MACHINE\WITNESSES\witness_whittaker_chambers_new_york_new_york_state_1952_new_york_random_house_11"
"C0361"	"C:\OCRWork\WORKROOTS\12_000_words_a_supplement_to_webster_s_third_new_bc591d7c"
"C0362"	"C:\OCRWork\WORKROOTS\1811_dictionary_of_the_vulgar_tongue_a_dictionar_2bba4a16"
"C0363"	"C:\OCRWork\WORKROOTS\a_biographical_dictionary_of_ancient_medieval_an_d648d20e"
"C0364"	"C:\OCRWork\WORKROOTS\a_catholic_dictionary_the_catholic_encyclopaedic_0259f578"
"C0365"	"C:\OCRWork\WORKROOTS\a_concise_dictionary_of_architectural_terms_dove_8f03deb9"
"C0366"	"C:\OCRWork\WORKROOTS\a_concise_dictionary_of_quran_dr_abdul_azeez_abd_8d9beaf4"
"C0367"	"C:\OCRWork\WORKROOTS\a_concise_lincoln_dictionary_thoughts_and_statem_b30c099d"
"C0368"	"C:\OCRWork\WORKROOTS\a_consumer_s_dictionary_of_food_additives_7th_ed_33f7c513"
"C0369"	"C:\OCRWork\WORKROOTS\a_coptic_dictionary_walter_e_crum_1939_clarendon_a7f0a98e"
"C0370"	"C:\OCRWork\WORKROOTS\a_culture_of_growth_the_origins_of_the_modern_ec_97019253"
"C0371"	"C:\OCRWork\WORKROOTS\a_dictionary_of_ancient_near_eastern_architectur_b6e152ff"
"C0372"	"C:\OCRWork\WORKROOTS\a_dictionary_of_applied_chemistry_in_5_vol_v_1_t_1d389234"
"C0373"	"C:\OCRWork\WORKROOTS\a_dictionary_of_archaic_and_provincial_words_obs_e4577f90"
"C0374"	"C:\OCRWork\WORKROOTS\a_dictionary_of_books_relating_to_america_from_i_2c03761f"
"C0375"	"C:\OCRWork\WORKROOTS\a_dictionary_of_books_relating_to_america_from_i_3a4d0786"
"C0376"	"C:\OCRWork\WORKROOTS\a_dictionary_of_books_relating_to_america_from_i_adf8a20f"
"C0377"	"C:\OCRWork\WORKROOTS\a_dictionary_of_books_relating_to_america_from_i_dd63ff9e"
"C0378"	"C:\OCRWork\WORKROOTS\a_dictionary_of_christian_antiquities_being_a_co_75b3bda3"
"C0379"	"C:\OCRWork\WORKROOTS\a_dictionary_of_cockney_rhyming_slang_duncan_whe_5d529532"
"C0380"	"C:\OCRWork\WORKROOTS\a_dictionary_of_critical_theory_ian_buchanan_1st_2bab1631"
"C0381"	"C:\OCRWork\WORKROOTS\a_dictionary_of_electrical_engineering_r_s_aliso_90df1584"
"C0382"	"C:\OCRWork\WORKROOTS\a_dictionary_of_english_etymology_a_z_2_ed_wedgw_954b454b"
"C0383"	"C:\OCRWork\WORKROOTS\a_dictionary_of_heraldry_harmony_books_edited_by_fed73585"
"C0384"	"C:\OCRWork\WORKROOTS\a_dictionary_of_latin_phrases_william_robertson_3ae28206"
"C0385"	"C:\OCRWork\WORKROOTS\a_dictionary_of_mechanical_science_arts_manufact_0e65a366"
"C0386"	"C:\OCRWork\WORKROOTS\a_dictionary_of_musical_terms_8ed_theodore_baker_4240fcfa"
"C0387"	"C:\OCRWork\WORKROOTS\a_dictionary_of_practical_materia_medica_vol_ii_dba2f12c"
"C0388"	"C:\OCRWork\WORKROOTS\a_dictionary_of_superstitions_and_mythology_bire_4d908572"
"C0389"	"C:\OCRWork\WORKROOTS\a_dictionary_of_the_english_language_samuel_john_2478f840"
"C0390"	"C:\OCRWork\WORKROOTS\a_dictionary_of_thoughts_tryon_edwards_d_d_7675c_a13b4ea6"
"C0391"	"C:\OCRWork\WORKROOTS\a_farewell_to_alms_a_brief_economic_history_of_t_7e6f0dd4"
"C0392"	"C:\OCRWork\WORKROOTS\a_millennium_of_family_change_feudalism_to_capit_6020d033"
"C0393"	"C:\OCRWork\WORKROOTS\a_millennium_of_family_change_feudalism_to_capit_78de5052"
"C0394"	"C:\OCRWork\WORKROOTS\a_milton_dictionary_edward_s_le_comte_1961_philo_c9ccaa6f"
"C0395"	"C:\OCRWork\WORKROOTS\a_new_dictionary_of_chemistry_miall_laurence_mac_07c902e8"
"C0396"	"C:\OCRWork\WORKROOTS\a_new_universal_gazetteer_or_geographical_dictio_b1767d3c"
"C0397"	"C:\OCRWork\WORKROOTS\a_people_that_shall_dwell_alone_judaism_as_a_gro_569fdda9"
"C0398"	"C:\OCRWork\WORKROOTS\a_pocket_guide_to_the_us_constitution_what_every_4dc34388"
"C0399"	"C:\OCRWork\WORKROOTS\a_pronouncing_dictionary_of_musical_terms_harry_d678f362"
"C0400"	"C:\OCRWork\WORKROOTS\a_short_economic_and_social_history_of_the_lake_3db9ecb4"
"C0401"	"C:\OCRWork\WORKROOTS\aaps_initiatives_jan2026_18baab71"
"C0402"	"C:\OCRWork\WORKROOTS\aaps_news_v78n01_3e31eea6"
"C0403"	"C:\OCRWork\WORKROOTS\aaps_news_v78n04_1fedc19a"
"C0404"	"C:\OCRWork\WORKROOTS\aaps_news_v78n08_990695f8"
"C0405"	"C:\OCRWork\WORKROOTS\aaps_news_v78n10_37d188e0"
"C0406"	"C:\OCRWork\WORKROOTS\aaps_news_v78n11_750ea3b0"
"C0407"	"C:\OCRWork\WORKROOTS\aaps_news_v78n12_c224c518"
"C0408"	"C:\OCRWork\WORKROOTS\aaps_news_v79n01_86e62ac8"
"C0409"	"C:\OCRWork\WORKROOTS\aaps_news_v79n02_fe1a5466"
"C0410"	"C:\OCRWork\WORKROOTS\aaps_news_v79n03_e92b26f5"
"C0411"	"C:\OCRWork\WORKROOTS\aaps_news_v79n05_0e1b80f3"
"C0412"	"C:\OCRWork\WORKROOTS\aaps_news_v79n08_88e8fc8d"
"C0413"	"C:\OCRWork\WORKROOTS\aaps_news_v79n09_98f7f7a0"
"C0414"	"C:\OCRWork\WORKROOTS\aaps_news_v79n10_984f906b"
"C0415"	"C:\OCRWork\WORKROOTS\aaps_news_v79n11_bb60bc52"
"C0416"	"C:\OCRWork\WORKROOTS\aaps_news_v79n12_74397e97"
"C0417"	"C:\OCRWork\WORKROOTS\aaps_news_v80n1_f4677a7c"
"C0418"	"C:\OCRWork\WORKROOTS\aaps_news_v80n10_5c221e47"
"C0419"	"C:\OCRWork\WORKROOTS\aaps_news_v80n11_81761db0"
"C0420"	"C:\OCRWork\WORKROOTS\aaps_news_v80n12_5cc061f7"
"C0421"	"C:\OCRWork\WORKROOTS\aaps_news_v80n2_f2a7f311"
"C0422"	"C:\OCRWork\WORKROOTS\aaps_news_v80n3_0f5d0314"
"C0423"	"C:\OCRWork\WORKROOTS\aaps_news_v80n4_4785d81e"
"C0424"	"C:\OCRWork\WORKROOTS\aaps_news_v80n5_6bc220f3"
"C0425"	"C:\OCRWork\WORKROOTS\aaps_news_v80n6_387fdafd"
"C0426"	"C:\OCRWork\WORKROOTS\aaps_news_v80n7_58b76651"
"C0427"	"C:\OCRWork\WORKROOTS\aaps_news_v80n9_66667e44"
"C0428"	"C:\OCRWork\WORKROOTS\aaps_news_v81n1_eb3b56ca"
"C0429"	"C:\OCRWork\WORKROOTS\aaps_news_v81n10_d0a396c9"
"C0430"	"C:\OCRWork\WORKROOTS\aaps_news_v81n11_81eeb26a"
"C0431"	"C:\OCRWork\WORKROOTS\aaps_news_v81n12_cafc8cf0"
"C0432"	"C:\OCRWork\WORKROOTS\aaps_news_v81n2_8c5e057c"
"C0433"	"C:\OCRWork\WORKROOTS\aaps_news_v81n3_1461710f"
"C0434"	"C:\OCRWork\WORKROOTS\aaps_news_v81n4_e025d019"
"C0435"	"C:\OCRWork\WORKROOTS\aaps_news_v81n5_9155a12b"
"C0436"	"C:\OCRWork\WORKROOTS\aaps_news_v81n6_b97c900c"
"C0437"	"C:\OCRWork\WORKROOTS\aaps_news_v81n7_22f4db9b"
"C0438"	"C:\OCRWork\WORKROOTS\aaps_news_v81n8_f5b90726"
"C0439"	"C:\OCRWork\WORKROOTS\aaps_news_v81n9_6f4b96f1"
"C0440"	"C:\OCRWork\WORKROOTS\aaps_news_v82n2_29eed5db"
"C0441"	"C:\OCRWork\WORKROOTS\aaps_news_vol82n1_5ceb5267"
"C0442"	"C:\OCRWork\WORKROOTS\abap_data_dictionary_rusakovich_vi_2011_370b9422_b3d52fb6"
"C0443"	"C:\OCRWork\WORKROOTS\accident_the_death_of_general_sikorski_irving_da_7bed29bc"
"C0444"	"C:\OCRWork\WORKROOTS\acronym_dictionary_f53bc53a4e3018ce5cf7a3dfa99a0_fa2a1566"
"C0445"	"C:\OCRWork\WORKROOTS\alexandre_dumas_dictionary_of_cuisine_kegan_paul_8937f3a2"
"C0446"	"C:\OCRWork\WORKROOTS\american_archives_fourth_series_containing_a_doc_025692df"
"C0447"	"C:\OCRWork\WORKROOTS\american_archives_fourth_series_containing_a_doc_a2e31264"
"C0448"	"C:\OCRWork\WORKROOTS\an_age_of_saints_power_conflict_and_dissent_in_e_4c1e5e81"
"C0449"	"C:\OCRWork\WORKROOTS\an_anglo_saxon_dictionary_supplement_bosworth_jo_dfe6b386"
"C0450"	"C:\OCRWork\WORKROOTS\an_egyptian_hieroglyphic_dictionary_with_an_inde_a9994688"
"C0451"	"C:\OCRWork\WORKROOTS\an_encyclopaedic_dictionary_of_medieval_indian_h_b817709f"
"C0452"	"C:\OCRWork\WORKROOTS\an_illustrated_dictionary_of_optoelectronics_and_d94dd94e"
"C0453"	"C:\OCRWork\WORKROOTS\aristotle_politics_translation_introduction_and_51227262"
"C0454"	"C:\OCRWork\WORKROOTS\as_i_lay_there_drowning_david_irving_90307cb2edf_451af187"
"C0455"	"C:\OCRWork\WORKROOTS\aspects_of_the_analysis_of_family_structure_1003_ad6cee5d"
"C0456"	"C:\OCRWork\WORKROOTS\asperger_dictionary_of_everyday_expressions_ian_23512f31"
"C0457"	"C:\OCRWork\WORKROOTS\astronomically_speaking_a_dictionary_of_quotatio_0587e93c"
"C0458"	"C:\OCRWork\WORKROOTS\banged_up_survival_as_a_political_prisoner_in_21_d2dd59e3"
"C0459"	"C:\OCRWork\WORKROOTS\barren_metal_a_history_of_capitalism_as_the_conf_f55ffc7b"
"C0460"	"C:\OCRWork\WORKROOTS\baruya_english_dictionary_da_silva_francisco_jos_fb775b94"
"C0461"	"C:\OCRWork\WORKROOTS\bible_encyclopaedia_fallows"
"C0462"	"C:\OCRWork\WORKROOTS\biblical_and_theological_dictionary_watson_richa_2821e948"
"C0463"	"C:\OCRWork\WORKROOTS\bibliotheca_americana_a_dictionary_of_books_rela_e78b9f2c"
"C0464"	"C:\OCRWork\WORKROOTS\birth_of_the_constitution_jn_lindop_edmund_hills_d9d690df"
"C0465"	"C:\OCRWork\WORKROOTS\black_s_law_dictionary_6th_edition_henry_campbel_54e9ffd3"
"C0466"	"C:\OCRWork\WORKROOTS\black_s_law_dictionary_definitions_revised_fourt_1e236389"
"C0467"	"C:\OCRWork\WORKROOTS\blakiston_s_new_gould_medical_dictionary_a_moder_c62488aa"
"C0468"	"C:\OCRWork\WORKROOTS\blakiston_s_new_gould_medical_dictionary_a_moder_e353a1bb"
"C0469"	"C:\OCRWork\WORKROOTS\bma_illustrated_medical_dictionary_essential_a_z_5109dc1f"
"C0470"	"C:\OCRWork\WORKROOTS\book_lccn_70144113_unknown_new_ed_of_the_concise_2f28f1e7"
"C0471"	"C:\OCRWork\WORKROOTS\books_that_matter_the_federalist_papers_joseph_l_2028948a"
"C0472"	"C:\OCRWork\WORKROOTS\brewer_s_dictionary_of_phrase_fable_cobham_brewe_90ca0761"
"C0473"	"C:\OCRWork\WORKROOTS\buddhist_dictionary_mahal_of_buddhist_terms_and_42e4cf25"
"C0474"	"C:\OCRWork\WORKROOTS\cambridge_dictionary_of_scientists_2nd_ed_2002_d_a340746e"
"C0475"	"C:\OCRWork\WORKROOTS\cassell_s_dictionary_of_classical_mythology_cass_88446969"
"C0476"	"C:\OCRWork\WORKROOTS\churchill_s_war_the_struggle_for_power_vol_1_dav_4f30f073"
"C0477"	"C:\OCRWork\WORKROOTS\churchill_s_war_triumph_in_adversity_2_david_joh_2225f017"
"C0478"	"C:\OCRWork\WORKROOTS\civil_engineering_pocket_dictionary_mit_academy_671b3157"
"C0479"	"C:\OCRWork\WORKROOTS\collins_dictionary_of_statistics_roger_porkess_2_db079c58"
"C0480"	"C:\OCRWork\WORKROOTS\common_sense_pennsylvania_german_dictionary_with_fd769847"
"C0481"	"C:\OCRWork\WORKROOTS\complete_easy_dictionary_of_the_quran_shaikh_abd_b6913865"
"C0482"	"C:\OCRWork\WORKROOTS\crescent_dictionary_of_american_politics_mccarth_9e8037ae"
"C0483"	"C:\OCRWork\WORKROOTS\culture_wars_magazine_vol_36_no_6_may_2017_e_mic_3d88fe53"
"C0484"	"C:\OCRWork\WORKROOTS\culture_wars_magazine_vol_38_no_5_april_2019_e_m_6ca7396e"
"C0485"	"C:\OCRWork\WORKROOTS\culture_wars_magazine_vol_38_no_8_july_aug_2019_f6b19d23"
"C0486"	"C:\OCRWork\WORKROOTS\culture_wars_magazine_vol_39_no_1_dec_2019_e_mic_943f5d3f"
"C0487"	"C:\OCRWork\WORKROOTS\culture_wars_volume_38_issue_11_e_michael_jones_b98c86cd"
"C0488"	"C:\OCRWork\WORKROOTS\declaration_of_independence_a_study_in_the_histo_a4318597"
"C0489"	"C:\OCRWork\WORKROOTS\declaration_of_independence_constitution_of_the_0ea63948"
"C0490"	"C:\OCRWork\WORKROOTS\declaration_of_independence_constitution_of_the_0efeb0ee"
"C0491"	"C:\OCRWork\WORKROOTS\declinewest20002oswa_83172d48"
"C0492"	"C:\OCRWork\WORKROOTS\degenerate_moderns_modernity_as_rationalized_sex_970e009e"
"C0493"	"C:\OCRWork\WORKROOTS\depuy_peoples_cyclopedia_1900"
"C0494"	"C:\OCRWork\WORKROOTS\dictionary_and_manual_of_pyrotechny_covering_the_8ae4024f"
"C0495"	"C:\OCRWork\WORKROOTS\dictionary_of_acronyms_in_healthcare_meaningful_557c8355"
"C0496"	"C:\OCRWork\WORKROOTS\dictionary_of_advertising_gagan_raj_2013_2021_an_8e0ac738"
"C0497"	"C:\OCRWork\WORKROOTS\dictionary_of_american_history_vol_1_coleman_roy_1c70dea6"
"C0498"	"C:\OCRWork\WORKROOTS\dictionary_of_american_naval_fighting_ships_moon_9c2431ce"
"C0499"	"C:\OCRWork\WORKROOTS\dictionary_of_argumentation_an_introduction_to_c_9f33c6d0"
"C0500"	"C:\OCRWork\WORKROOTS\dictionary_of_biology_dinesh_b_dhawane_1st_2009_08588635"
"C0501"	"C:\OCRWork\WORKROOTS\dictionary_of_celtic_mythology_ellis_p_1992_abc_1964f7e4"
"C0502"	"C:\OCRWork\WORKROOTS\dictionary_of_difficult_words_manik_joshi_f42568_ebb22e39"
"C0503"	"C:\OCRWork\WORKROOTS\dictionary_of_disasters_at_sea_during_the_age_of_3e10a7b1"
"C0504"	"C:\OCRWork\WORKROOTS\dictionary_of_dogmatic_theology_pietro_parente_a_68285523"
"C0505"	"C:\OCRWork\WORKROOTS\dictionary_of_e_commerce_m_c_maidan_1st_2001_202_25d9af97"
"C0506"	"C:\OCRWork\WORKROOTS\dictionary_of_financial_and_business_terms_pscri_74a0ad7c"
"C0507"	"C:\OCRWork\WORKROOTS\dictionary_of_financial_and_business_terms_rober_b7906e11"
"C0508"	"C:\OCRWork\WORKROOTS\dictionary_of_financial_terms_virginia_b_morris_1cbe6755"
"C0509"	"C:\OCRWork\WORKROOTS\dictionary_of_geological_terms_exclusive_of_stra_c2ab4e0b"
"C0510"	"C:\OCRWork\WORKROOTS\dictionary_of_gods_and_goddesses_facts_on_file_l_b93ce061"
"C0511"	"C:\OCRWork\WORKROOTS\dictionary_of_ideas_f3thinker_69710957dd2199a287_d8f2ba65"
"C0512"	"C:\OCRWork\WORKROOTS\dictionary_of_islamic_philosophical_terms_muhamm_f5bfe6ff"
"C0513"	"C:\OCRWork\WORKROOTS\dictionary_of_medical_and_health_acronyms_wynwoo_faa2ac15"
"C0514"	"C:\OCRWork\WORKROOTS\dictionary_of_military_terms_richard_bowyer_3rd_c1ebcf33"
"C0515"	"C:\OCRWork\WORKROOTS\dictionary_of_paul_and_his_letters_editors_geral_1e39f774"
"C0516"	"C:\OCRWork\WORKROOTS\dictionary_of_philosophy_and_religion_f3thinker_2af81004"
"C0517"	"C:\OCRWork\WORKROOTS\dictionary_of_physics_chemistry_biology_mathemet_2383f76f"
"C0518"	"C:\OCRWork\WORKROOTS\dictionary_of_religion_and_philosophy_geddess_ma_18289f52"
"C0519"	"C:\OCRWork\WORKROOTS\dictionary_of_sects_heresies_ecclesiastical_part_1a28690d"
"C0520"	"C:\OCRWork\WORKROOTS\dictionary_of_sects_heresies_ecclesiastical_part_6bfef921"
"C0521"	"C:\OCRWork\WORKROOTS\dictionary_of_technical_terms_frederic_swing_cri_2de066be"
"C0522"	"C:\OCRWork\WORKROOTS\dictionary_of_the_history_of_ideas_studies_of_se_1d88e481"
"C0523"	"C:\OCRWork\WORKROOTS\dictionary_of_the_old_testament_wisdom_poetry_wr_dee067fd"
"C0524"	"C:\OCRWork\WORKROOTS\dictionary_of_word_origins_flavell_linda_flavell_b7b7d255"
"C0525"	"C:\OCRWork\WORKROOTS\dictionary_of_word_roots_and_combining_forms_com_5939aaf2"
"C0526"	"C:\OCRWork\WORKROOTS\dionysos_rising_the_birth_of_cultural_revolution_2dee1762"
"C0527"	"C:\OCRWork\WORKROOTS\documents_of_freedom_a_look_at_the_declaration_o_2e4fb12a"
"C0528"	"C:\OCRWork\WORKROOTS\dream_dictionary_for_dummies_for_dummies_psychol_31103b67"
"C0529"	"C:\OCRWork\WORKROOTS\elsevier_s_dictionary_of_medicine_and_biology_in_49fd9f2a"
"C0530"	"C:\OCRWork\WORKROOTS\encyclopedic_dictionary_of_american_reference_j_4fbe907a"
"C0531"	"C:\OCRWork\WORKROOTS\encyclopedic_dictionary_of_mathematics_japan_sim_a69ae218"
"C0532"	"C:\OCRWork\WORKROOTS\encyclopedic_dictionary_of_mentalism_vol_1_hull_4220619a"
"C0533"	"C:\OCRWork\WORKROOTS\english_constitutional_conflicts_of_the_seventee_369ec2a9"
"C0534"	"C:\OCRWork\WORKROOTS\english_macedonian_dialectal_dictionary_based_on_f170ec06"
"C0535"	"C:\OCRWork\WORKROOTS\english_old_norse_dictionary_ross_arthur_g_e3d39_1b161cbc"
"C0536"	"C:\OCRWork\WORKROOTS\essential_dictionary_of_music_notation_the_most_0f2930a3"
"C0537"	"C:\OCRWork\WORKROOTS\essential_dictionary_of_music_notation_the_most_1716c685"
"C0538"	"C:\OCRWork\WORKROOTS\essential_dictionary_of_orchestration_the_most_p_943ca8f1"
"C0539"	"C:\OCRWork\WORKROOTS\fallows_supplemental_dictionary"
"C0540"	"C:\OCRWork\WORKROOTS\goebbels_mastermind_of_the_third_reich_focal_poi_11e3640d"
"C0541"	"C:\OCRWork\WORKROOTS\historical_dictionaries_of_religions_philosophie_c1c2018e"
"C0542"	"C:\OCRWork\WORKROOTS\historical_dictionary_of_american_theater_james_5ead341b"
"C0543"	"C:\OCRWork\WORKROOTS\historical_dictionary_of_baroque_music_joseph_p_ca723fca"
"C0544"	"C:\OCRWork\WORKROOTS\historical_dictionary_of_calvinism_historical_di_a8eb6f66"
"C0545"	"C:\OCRWork\WORKROOTS\historical_dictionary_of_feminist_philosophy_his_7f6bd119"
"C0546"	"C:\OCRWork\WORKROOTS\historical_dictionary_of_quotations_in_cognitive_57255bc4"
"C0547"	"C:\OCRWork\WORKROOTS\historical_dictionary_of_socialism_historical_di_db9e06e3"
"C0548"	"C:\OCRWork\WORKROOTS\historical_dictionary_of_the_korean_war_unknown_be832de7"
"C0549"	"C:\OCRWork\WORKROOTS\historical_dictionary_of_the_lesbian_and_gay_lib_a3b9c89f"
"C0550"	"C:\OCRWork\WORKROOTS\historical_dictionary_of_the_ottoman_empire_2003_456e754b"
"C0551"	"C:\OCRWork\WORKROOTS\historical_dictionary_of_the_puritans_charles_pa_15ad4e8c"
"C0552"	"C:\OCRWork\WORKROOTS\historical_dictionary_of_the_renaissance_histori_081f7fba"
"C0553"	"C:\OCRWork\WORKROOTS\historical_dictionary_of_the_u_s_army_jerold_e_b_bc4c862d"
"C0554"	"C:\OCRWork\WORKROOTS\historical_dictionary_of_wittgenstein_s_philosop_4a14c869"
"C0555"	"C:\OCRWork\WORKROOTS\historical_dictionary_of_wittgenstein_s_philosop_4d2aa363"
"C0556"	"C:\OCRWork\WORKROOTS\history_on_trial_my_day_in_court_with_david_irvi_ae3d878a"
"C0557"	"C:\OCRWork\WORKROOTS\homeric_dictionary_autenrieth_g_2002c4c545975ea4_ec2519bc"
"C0558"	"C:\OCRWork\WORKROOTS\illustrated_dictionary_of_architecture_2nd_editi_af63dd40"
"C0559"	"C:\OCRWork\WORKROOTS\illustrated_dictionary_of_beauty_care_editorial_a7952981"
"C0560"	"C:\OCRWork\WORKROOTS\illustrated_dictionary_of_biology_3rd_edition_al_80d48112"
"C0561"	"C:\OCRWork\WORKROOTS\illustrated_dictionary_of_biology_editorial_boar_fec2898a"
"C0562"	"C:\OCRWork\WORKROOTS\illustrated_dictionary_of_building_construction_c83ab050"
"C0563"	"C:\OCRWork\WORKROOTS\illustrated_dictionary_of_digital_marketing_2nd_84a00126"
"C0564"	"C:\OCRWork\WORKROOTS\illustrated_dictionary_of_education_2nd_edition_a9030c21"
"C0565"	"C:\OCRWork\WORKROOTS\illustrated_dictionary_of_entrepreneurship_2nd_e_33854d43"
"C0566"	"C:\OCRWork\WORKROOTS\illustrated_dictionary_of_fashion_textile_editor_48b5d46c"
"C0567"	"C:\OCRWork\WORKROOTS\illustrated_dictionary_of_horticulture_2nd_editi_fa2053b6"
"C0568"	"C:\OCRWork\WORKROOTS\illustrated_dictionary_of_human_resource_managem_5c34e672"
"C0569"	"C:\OCRWork\WORKROOTS\illustrated_dictionary_of_information_technology_f5a07471"
"C0570"	"C:\OCRWork\WORKROOTS\illustrated_dictionary_of_managament_2nd_edition_faaa13b6"
"C0571"	"C:\OCRWork\WORKROOTS\illustrated_dictionary_of_microbiology_editorial_647635a0"
"C0572"	"C:\OCRWork\WORKROOTS\illustrated_dictionary_of_science_2nd_edition_de_01324a24"
"C0573"	"C:\OCRWork\WORKROOTS\illustrated_dictionary_of_sociology_editorial_bo_1a4e3490"
"C0574"	"C:\OCRWork\WORKROOTS\illustrated_dictionary_of_zoology_3rd_edition_al_ed6f170f"
"C0575"	"C:\OCRWork\WORKROOTS\illustrated_dictionary_of_zoology_editorial_boar_55c39870"
"C0576"	"C:\OCRWork\WORKROOTS\in_the_service_of_the_reich_irving_david_2003_96_ef500a95"
"C0577"	"C:\OCRWork\WORKROOTS\is_notre_dame_still_catholic_jones_e_michael_sep_e9aaaf85"
"C0578"	"C:\OCRWork\WORKROOTS\jewish_fables_darwinism_materialism_and_other_je_b6fbb842"
"C0579"	"C:\OCRWork\WORKROOTS\jewish_nazis_e_michael_jones_2011_fidelity_press_bb0ed768"
"C0580"	"C:\OCRWork\WORKROOTS\keylontic_science_dictionary_2_azurtanya_ah_de_t_0521861a"
"C0581"	"C:\OCRWork\WORKROOTS\lewis_dictionary_of_occupational_and_environment_8d6fdd22"
"C0582"	"C:\OCRWork\WORKROOTS\libido_dominandi_sexual_liberation_and_political_95ac12eb"
"C0583"	"C:\OCRWork\WORKROOTS\living_machines_bauhaus_architecture_as_sexual_i_277d3ace"
"C0584"	"C:\OCRWork\WORKROOTS\logos_rising_a_history_of_ultimate_reality_jones_80dc9027"
"C0585"	"C:\OCRWork\WORKROOTS\longman_dictionary_of_common_errors_n_d_turton_a_bb5d1214"
"C0586"	"C:\OCRWork\WORKROOTS\lying_about_hitler_history_holocaust_holocaust_a_db1b6c7b"
"C0587"	"C:\OCRWork\WORKROOTS\machiavelli_the_prince_uoc_553bc28a"
"C0588"	"C:\OCRWork\WORKROOTS\makers_of_modern_strategy_from_machiavelli_to_th_2d5edec7"
"C0589"	"C:\OCRWork\WORKROOTS\mathematical_english_usage_a_dictionary_trzeciak_32a36299"
"C0590"	"C:\OCRWork\WORKROOTS\melloni_s_pocket_medical_dictionary_illustrated_981dbefc"
"C0591"	"C:\OCRWork\WORKROOTS\merriam_webster_collegiate_dictionary_9th_part_3_47da1ce6"
"C0592"	"C:\OCRWork\WORKROOTS\merriam_webster_s_dictionary_and_thesaurus_merri_1dacc8d1"
"C0593"	"C:\OCRWork\WORKROOTS\microsoft_word_dictionary_of_mining_mineral_rela_b475fc61"
"C0594"	"C:\OCRWork\WORKROOTS\monsters_from_the_id_the_rise_of_horror_in_ficti_269a927b"
"C0595"	"C:\OCRWork\WORKROOTS\mosby_s_dictionary_of_medicine_nursing_health_c_41caddfc"
"C0596"	"C:\OCRWork\WORKROOTS\mosby_s_medical_dictionary_c_v_mosby_publishing_bbf49d4c"
"C0597"	"C:\OCRWork\WORKROOTS\navigating_by_the_inner_compass_somatic_knowing_a746c2f7"
"C0598"	"C:\OCRWork\WORKROOTS\new_commentary_on_the_code_of_canon_law_new_comm_427f4e53"
"C0599"	"C:\OCRWork\WORKROOTS\new_webster_s_dictionary_and_thesaurus_of_the_en_45803799"
"C0600"	"C:\OCRWork\WORKROOTS\new_websters_dictionary_and_rogets_thesaurus_and_48576add"
"C0601"	"C:\OCRWork\WORKROOTS\nuer_english_dictionary_huffman_ray_958dbff1bf78_5d22ad79"
"C0602"	"C:\OCRWork\WORKROOTS\nuremberg_the_last_battle_david_irving_walter_fr_f775ad58"
"C0603"	"C:\OCRWork\WORKROOTS\ogilvie_imperial_dictionary_1853"
"C0604"	"C:\OCRWork\WORKROOTS\ogilvie_imperial_dictionary_1856"
"C0605"	"C:\OCRWork\WORKROOTS\ogilvie_imperial_dictionary_1863"
"C0606"	"C:\OCRWork\WORKROOTS\ogilvie_imperial_dictionary_1871"
"C0607"	"C:\OCRWork\WORKROOTS\ogilvie_imperial_dictionary_1885"
"C0608"	"C:\OCRWork\WORKROOTS\ogilvie_imperial_dictionary_1898"
"C0609"	"C:\OCRWork\WORKROOTS\ogilvie_imperial_dictionary_revised"
"C0610"	"C:\OCRWork\WORKROOTS\one_who_goes_everywhere_the_ubiquarian_s_diction_74dc2fe8"
"C0611"	"C:\OCRWork\WORKROOTS\oxford_latin_dictionary_glare_p_g_w_1968_clarend_ace24c68"
"C0612"	"C:\OCRWork\WORKROOTS\philip_dru_administrator_a_story_of_tomorrow_192_9abe9c39"
"C0613"	"C:\OCRWork\WORKROOTS\picturesque_word_origins_with_forty_five_illustr_a687e98d"
"C0614"	"C:\OCRWork\WORKROOTS\political_philosophy_the_us_constitution_allan_b_fdc916a8"
"C0615"	"C:\OCRWork\WORKROOTS\quick_reference_dictionary_for_athletic_training_696f6e81"
"C0616"	"C:\OCRWork\WORKROOTS\quick_reference_dictionary_for_physical_therapy_7c5a56f2"
"C0617"	"C:\OCRWork\WORKROOTS\radiological_sciences_dictionary_keywords_names_7912a5ba"
"C0618"	"C:\OCRWork\WORKROOTS\reverse_acronyms_initialisms_abbreviations_dicti_25142162"
"C0619"	"C:\OCRWork\WORKROOTS\reverse_acronyms_initialisms_abbreviations_dicti_bb1135c1"
"C0620"	"C:\OCRWork\WORKROOTS\rules_for_radicals_a_practical_primer_for_realis_19c37485"
"C0621"	"C:\OCRWork\WORKROOTS\rules_for_radicals_a_pragmatic_primer_for_realis_030e7c2b"
"C0622"	"C:\OCRWork\WORKROOTS\soule_s_dictionary_of_english_synonyms_unknown_b_0469adef"
"C0623"	"C:\OCRWork\WORKROOTS\stedman_s_medical_dictionary_for_the_health_prof_a67f6745"
"C0624"	"C:\OCRWork\WORKROOTS\strategy_a_history_freedman_sir_lawrence_oxford_c69ee65f"
"C0625"	"C:\OCRWork\WORKROOTS\summa_theologica_st_thomas_aquinas_volume_3_1948_dbd87171"
"C0626"	"C:\OCRWork\WORKROOTS\terrorism_and_the_limitation_of_rights_the_echr_1c842a3e"
"C0627"	"C:\OCRWork\WORKROOTS\the_advanced_learner_s_dictionary_of_current_eng_6ddddf30"
"C0628"	"C:\OCRWork\WORKROOTS\the_american_heritage_medical_dictionary_america_b39f000b"
"C0629"	"C:\OCRWork\WORKROOTS\the_american_illustrated_medical_dictionary_a_co_27907f64"
"C0630"	"C:\OCRWork\WORKROOTS\the_angel_and_the_machine_the_rational_psycholog_83dfe57e"
"C0631"	"C:\OCRWork\WORKROOTS\the_anti_federalist_papers_and_the_constitutiona_e4e205fc"
"C0632"	"C:\OCRWork\WORKROOTS\the_concise_dictionary_of_the_christian_traditio_7def14d8"
"C0633"	"C:\OCRWork\WORKROOTS\the_concise_dictionary_of_world_place_names_john_5439db35"
"C0634"	"C:\OCRWork\WORKROOTS\the_concise_oxford_dictionary_of_art_and_artists_f32ca51b"
"C0635"	"C:\OCRWork\WORKROOTS\the_cramer_krasselt_cultural_dictionary_429a337c_f8fa78d1"
"C0636"	"C:\OCRWork\WORKROOTS\the_declaration_of_independence_of_the_united_st_86d7ad71"
"C0637"	"C:\OCRWork\WORKROOTS\the_destruction_of_convoy_pq17_irving_david_1968_1941c82e"
"C0638"	"C:\OCRWork\WORKROOTS\the_destruction_of_dresden_david_irving_2005_dev_1d2aeceb"
"C0639"	"C:\OCRWork\WORKROOTS\the_dictionary_of_early_american_philosophers_sh_33e75b8d"
"C0640"	"C:\OCRWork\WORKROOTS\the_dictionary_of_health_education_bedworth_davi_1d5cfe89"
"C0641"	"C:\OCRWork\WORKROOTS\the_dictionary_of_historical_theology_trevor_har_6744de02"
"C0642"	"C:\OCRWork\WORKROOTS\the_dictionary_of_mythology_an_a_z_of_themes_leg_302a2af7"
"C0643"	"C:\OCRWork\WORKROOTS\the_dictionary_of_needlework_vol_vi_6_tat_to_zul_e354a5e2"
"C0644"	"C:\OCRWork\WORKROOTS\the_dictionary_of_obscure_sorrows_john_koenig_20_d2a9eeea"
"C0645"	"C:\OCRWork\WORKROOTS\the_dictionary_of_science_for_gardeners_6000_sci_c00f954b"
"C0646"	"C:\OCRWork\WORKROOTS\the_documents_of_vatican_ii_second_vatican_counc_aebe1717"
"C0647"	"C:\OCRWork\WORKROOTS\the_english_constitution_walter_bagehot_1963_cox_b89a30a0"
"C0648"	"C:\OCRWork\WORKROOTS\the_english_dialect_dictionary_volume_v_r_s_wrig_a70e09c3"
"C0649"	"C:\OCRWork\WORKROOTS\the_evolution_of_civilizations_an_introduction_t_d03aa02e"
"C0650"	"C:\OCRWork\WORKROOTS\the_facts_on_file_dictionary_of_astronomy_facts_ee59d521"
"C0651"	"C:\OCRWork\WORKROOTS\the_federalist_papers_alexander_hamilton_james_m_27b78741"
"C0652"	"C:\OCRWork\WORKROOTS\the_federalist_papers_and_the_new_institutionali_1da700b6"
"C0653"	"C:\OCRWork\WORKROOTS\the_federalist_papers_collection_of_85_articles_caef8655"
"C0654"	"C:\OCRWork\WORKROOTS\the_federalist_papers_reader_and_historical_docu_8d88c1dd"
"C0655"	"C:\OCRWork\WORKROOTS\the_german_atomic_bomb_david_irving_1967_simon_a_6d88e93f"
"C0656"	"C:\OCRWork\WORKROOTS\the_great_transformation_the_beginning_of_our_re_8f2b1d8e"
"C0657"	"C:\OCRWork\WORKROOTS\the_harper_collins_dictionary_of_philosophy_pete_a90568b3"
"C0658"	"C:\OCRWork\WORKROOTS\the_heidegger_dictionary_dahlstrom_daniel_o_2012_c9c7edd9"
"C0659"	"C:\OCRWork\WORKROOTS\the_imperial_dictionary_english_technological_an_2e0f2563"
"C0660"	"C:\OCRWork\WORKROOTS\the_imperial_dictionary_english_technological_an_803989f1"
"C0661"	"C:\OCRWork\WORKROOTS\the_imperial_dictionary_english_technological_an_9f72ff9d"
"C0662"	"C:\OCRWork\WORKROOTS\the_imperial_dictionary_of_the_english_language__f97c931b"
"C0663"	"C:\OCRWork\WORKROOTS\the_international_dictionary_of_applied_mathemat_232cd898"
"C0664"	"C:\OCRWork\WORKROOTS\the_jewish_revolutionary_spirit_and_its_impact_o_71f4d81e"
"C0665"	"C:\OCRWork\WORKROOTS\the_man_behind_the_curtain_michael_voris_and_the_73f265ba"
"C0666"	"C:\OCRWork\WORKROOTS\the_mare_s_nest_the_war_against_hitlers_secret_v_ced2ebca"
"C0667"	"C:\OCRWork\WORKROOTS\the_medjugorje_deception_queen_of_peace_ethnic_c_b74404fa"
"C0668"	"C:\OCRWork\WORKROOTS\the_memoirs_of_field_marshal_keitel_wilhelm_keit_17763a77"
"C0669"	"C:\OCRWork\WORKROOTS\the_native_american_medical_herbalism_dictionary_d2acc807"
"C0670"	"C:\OCRWork\WORKROOTS\the_new_century_dictionary_of_the_english_langua_8eb29349"
"C0671"	"C:\OCRWork\WORKROOTS\the_new_international_webster_s_pocket_medical_f_50fd228c"
"C0672"	"C:\OCRWork\WORKROOTS\the_other_greeks_the_family_farm_and_the_agraria_3efa7cce"
"C0673"	"C:\OCRWork\WORKROOTS\the_oxford_combined_dictionary_of_current_englis_5ba4ece0"
"C0674"	"C:\OCRWork\WORKROOTS\the_oxford_dictionary_of_literary_terms_baldick_56e8eeee"
"C0675"	"C:\OCRWork\WORKROOTS\the_oxford_dictionary_of_slang_1998_john_ayto_19_412829ba"
"C0676"	"C:\OCRWork\WORKROOTS\the_oxford_english_dictionary_volume_8_oxford_un_d4e58389"
"C0677"	"C:\OCRWork\WORKROOTS\the_pan_dictionary_of_famous_quotations_robin_ed_eef40e72"
"C0678"	"C:\OCRWork\WORKROOTS\the_pelt_report_irving_david_1999_f2d90f0b3cdd16_001b2e71"
"C0679"	"C:\OCRWork\WORKROOTS\the_penguin_concise_dictionary_of_art_history_na_5bc1e56f"
"C0680"	"C:\OCRWork\WORKROOTS\the_penguin_dictionary_of_international_relation_1a2658c0"
"C0681"	"C:\OCRWork\WORKROOTS\the_philokalia_complete_vol_1_5_1_5_g_e_h_palmer_d529565c"
"C0682"	"C:\OCRWork\WORKROOTS\the_poet_s_manual_and_rhyming_dictionary_based_o_dc4ca9aa"
"C0683"	"C:\OCRWork\WORKROOTS\the_public_administration_of_the_napoleonic_king_670b1033"
"C0684"	"C:\OCRWork\WORKROOTS\the_random_house_dictionary_jess_stein_editor_in_1e59e863"
"C0685"	"C:\OCRWork\WORKROOTS\the_rise_and_fall_of_the_luftwaffe_the_life_of_f_20bc8310"
"C0686"	"C:\OCRWork\WORKROOTS\the_secret_diaries_of_hitler_s_doctor_irving_dav_85805875"
"C0687"	"C:\OCRWork\WORKROOTS\the_selfish_gene_40th_anniversary_edition_oxford_d07ee442"
"C0688"	"C:\OCRWork\WORKROOTS\the_slaughter_of_cities_urban_renewal_as_ethnic_dfd7a5e1"
"C0689"	"C:\OCRWork\WORKROOTS\the_soul_of_battle_from_ancient_times_to_the_pre_6c4e52dd"
"C0690"	"C:\OCRWork\WORKROOTS\the_student_s_dictionary_of_anglo_saxon_henry_sw_dbf0f827"
"C0691"	"C:\OCRWork\WORKROOTS\the_summa_theologica_unknown_1800_cec52c7426a920_0351cc5a"
"C0692"	"C:\OCRWork\WORKROOTS\the_trail_of_the_fox_david_irving_1_2002_focal_p_72f9c67d"
"C0693"	"C:\OCRWork\WORKROOTS\the_us_constitution_and_bill_of_rights_schmidt_m_97f06b79"
"C0694"	"C:\OCRWork\WORKROOTS\the_us_constitution_and_money_corruption_and_dec_a247387c"
"C0695"	"C:\OCRWork\WORKROOTS\the_virus_house_parforce_david_irving_2002_32f64_dbb7be57"
"C0696"	"C:\OCRWork\WORKROOTS\the_war_between_the_generals_irving_david_1981_b_fa657b71"
"C0697"	"C:\OCRWork\WORKROOTS\this_constitution_from_ratification_to_the_bill_86a3a903"
"C0698"	"C:\OCRWork\WORKROOTS\top_secret_the_dictionary_of_espionage_and_intel_0997298a"
"C0699"	"C:\OCRWork\WORKROOTS\true_himmler_vol_i_1_1_david_john_cawdell_irving_ef368ab4"
"C0700"	"C:\OCRWork\WORKROOTS\two_thousand_words_definitions_1888"
"C0701"	"C:\OCRWork\WORKROOTS\uprising_one_nation_s_nightmare_hungary_1956_dav_3f94d5e6"
"C0702"	"C:\OCRWork\WORKROOTS\urban_dictionary_flarious_street_slang_defined_d_809c7311"
"C0703"	"C:\OCRWork\WORKROOTS\us_constitution_collegiate_book_shelf_edition_8f_954bb5d9"
"C0704"	"C:\OCRWork\WORKROOTS\v_n_r_color_dictionary_of_minerals_gemstones_o_d_1dae01e4"
"C0705"	"C:\OCRWork\WORKROOTS\vatican_ii_the_constitution_on_the_church_a_theo_abd9feb8"
"C0706"	"C:\OCRWork\WORKROOTS\watermelons_nooses_and_straight_razors_stories_f_950dca5a"
"C0707"	"C:\OCRWork\WORKROOTS\we_the_elites_why_the_us_constitution_serves_the_01e2a29c"
"C0708"	"C:\OCRWork\WORKROOTS\weapons_systems_and_political_stability_a_histor_a405d90b"
"C0709"	"C:\OCRWork\WORKROOTS\webster_s_collegiate_dictionary_merriam_webster_0ce19fb5"
"C0710"	"C:\OCRWork\WORKROOTS\webster_s_collegiate_dictionary_webster_noah_175_a84c2107"
"C0711"	"C:\OCRWork\WORKROOTS\webster_s_concise_english_dictionary_a_dictionar_aaa281be"
"C0712"	"C:\OCRWork\WORKROOTS\webster_s_ninth_new_collegiate_dictionary_merria_b8f60f71"
"C0713"	"C:\OCRWork\WORKROOTS\webster_s_seventh_new_collegiate_dictionary_base_1b652e1d"
"C0714"	"C:\OCRWork\WORKROOTS\webster_s_seventh_new_collegiate_dictionary_base_689575b4"
"C0715"	"C:\OCRWork\WORKROOTS\webster_s_seventh_new_collegiate_dictionary_base_d0d466ea"
"C0716"	"C:\OCRWork\WORKROOTS\webster_s_third_new_international_dictionary_of_5bf65aab"
"C0717"	"C:\OCRWork\WORKROOTS\webster_s_third_new_international_dictionary_of_9f1c28ca"
"C0718"	"C:\OCRWork\WORKROOTS\webster_s_unafraid_dictionary_leonard_louis_levi_f24b978d"
"C0719"	"C:\OCRWork\WORKROOTS\websters_collegiate_dictionary_1917"
"C0720"	"C:\OCRWork\WORKROOTS\websters_dictionary_1892"
"C0721"	"C:\OCRWork\WORKROOTS\websters_high_school_dictionary_1895"
"C0722"	"C:\OCRWork\WORKROOTS\websters_new_collegiate_dictionary_1949"
"C0723"	"C:\OCRWork\WORKROOTS\websters_new_ideal_dictionary_1924"
"C0724"	"C:\OCRWork\WORKROOTS\western_words_a_dictionary_of_the_american_west_258339bc"
"C0725"	"C:\OCRWork\WORKROOTS\word_parts_dictionary_standard_and_reverse_listi_b876fd4e"
"C0726"	"C:\OCRWork\WORKROOTS\wright_joseph_the_english_dialect_dictionary_vol_64fc4d1a"
"C0727"	"C:\OCRWork\WORKROOTS\x98_the_x9c_germanization_of_early_medieval_chri_cb9b7810"
